a	A cat naps in the sun.
act	Act like a cat!
acts	Sam acts fast.
aid	First aid kit.
aim	Aim at the net.
am	I am Sam.
an	An ant is on the step.
and	Sam and Pat.
ant	An ant is on the leaf.
ants	Ants can lift big crumbs.
apt	That is an apt name.
arch	An arch.
arm	My arm.
art	Art at school.
ask	Ask Dad for help.
asks	Sam asks for milk.
at	Sam is at school.
back	Come back!
bad	A bad cut.
bag	A bag for school.
bait	Bait for the fish.
bang	Bang! The door shut.
bank	The bank of the river.
bark	The bark of a tree.
barn	Hay in the barn.
bat	A bat in the cave.
bath	Bath time!
bats	Bats at night.
bed	Go to bed.
bee	A bee on a flower.
bell	Ring the bell.
belt	A belt.
bench	Sit on the bench.
bend	Bend your legs.
bent	A bent stick.
best	Do your best.
big	A big box.
bill	The duck has a bill.
bin	Put it in the bin.
bit	A bit of bread.
bits	Bits of bread.
black	A black cat.
blank	A blank page.
blend	Blend the fruit.
blink	Blink your eyes.
block	A block of wood.
blocks	Build with blocks.
bloom	Flowers bloom in spring.
blue	The sky is blue.
blunt	A blunt pencil.
boast	Do not boast.
boat	A boat on the sea.
boats	Boats at the dock.
boil	Boil the water.
book	Read a book.
books	Books on the shelf.
boom	Boom!
boot	A boot.
boots	Wet boots.
born	The lamb was born.
box	A box of toys.
brain	Use your brain!
branch	A bird on a branch.
brick	A red brick.
bricks	A wall of bricks.
bring	Bring your bag.
brook	A brook in the woods.
brush	Brush your teeth.
bud	A bud on the stem.
bug	A bug on a leaf.
bulb	A bulb in the lamp.
bump	A bump on the road.
bun	A hot bun.
bunch	A bunch of grapes.
bus	Get on the bus.
but	It is hot but I am fine.
buzz	Bees buzz.
cab	Get in the cab.
cam	Dad's cam.
camp	We camp in a tent.
camps	Camps in the hills.
can	I can sit still.
cap	Dad has a red cap.
caps	The men have caps.
car	Dad's car.
card	A card for Mum.
cart	A cart.
cast	Pat has a cast on his leg.
casts	Dad casts the net.
cat	The cat sat on the mat.
cats	Two cats nap on the bed.
chain	A gold chain.
chart	A chart on the wall.
chat	Chat with Nan.
check	Check your bag.
cheek	A kiss on the cheek.
cheeks	Red cheeks.
chess	Dad plays chess.
chest	A big chest.
chick	A chick in the nest.
chicks	Chicks on the farm.
chin	A cut on my chin.
chip	A hot chip.
chips	Fish and chips.
chop	Chop the carrots.
chunk	A chunk of bread.
clan	A big clan.
clap	Clap your hands!
class	Sam's class.
click	Click the button.
cliff	A high cliff.
clip	A hair clip.
clips	Clips on the desk.
cloak	A red cloak.
clock	The clock ticks.
clocks	Clocks on the wall.
cloth	Wipe it with a cloth.
cloud	A cloud in the sky.
club	A book club.
clue	A clue.
coach	A coach trip.
coast	A trip to the coast.
coat	Put on your coat.
coats	Coats on the pegs.
cod	Cod is a fish.
coin	A coin in my hand.
cook	Mum can cook.
cooks	Dad cooks rice.
cool	A cool drink.
cord	A cord.
cork	A cork.
corn	Corn on the cob.
cost	What does it cost?
costs	It costs ten.
couch	Sit on the couch.
count	Count to ten.
counts	Sam counts the sheep.
crab	A crab in the sand.
crack	A crack in the cup.
cracks	Cracks in the wall.
craft	A craft at school.
crafts	Crafts at school.
creek	A creek in the woods.
creep	Creep like a cat.
crest	The crest of a hill.
cried	The baby cried.
crisp	A crisp apple.
crop	A crop of corn.
crops	Crops on the farm.
cross	Cross the road with Dad.
cruel	Do not be cruel.
crunch	Crunch, crunch!
crush	Crush the nuts.
crust	The crust of the bread.
cup	A cup of milk.
cups	Cups on the table.
cut	Cut the bread.
cuts	Mum cuts the cake.
dad	Dad has a cap.
dam	A dam on the river.
damp	Damp socks.
dark	It is dark.
dash	Dash to the bus!
deck	Stand on the deck.
decks	Decks of a ship.
deed	A good deed.
deep	A deep pond.
den	A fox in its den.
dent	A dent in the van.
desk	Sit at the desk.
did	Pat did his task.
die	Plants die with no water.
dig	Dig in the sand.
dim	The room is dim.
din	What a din!
dip	Dip the bread.
disc	A disc on the desk.
discs	Discs in a box.
dish	A dish of rice.
disk	A disk.
dock	A boat at the dock.
docks	Boats at the docks.
dog	A dog runs on the farm.
doll	A doll in a box.
dot	A red dot.
dots	Dots on the page.
drag	Drag the sack.
drain	Water goes down the drain.
drank	Sam drank his milk.
dress	Mum has a dress.
dried	Dried figs.
drill	Dad has a drill.
drink	Drink your milk.
drinks	The cat drinks milk.
drip	The tap drips.
drop	Do not drop the egg.
drops	Drops of rain.
duck	A duck on the pond.
ducks	Ducks swim.
dug	Sam dug a pit.
dull	A dull day.
dump	Dump the sand.
dunk	Dunk the biscuit.
dust	Dust on the desk.
end	The end of the story.
fact	That is a fact.
facts	Fun facts.
fail	Try again if you fail.
faint	A faint light.
fan	Turn on the fan.
far	Not far.
farm	A farm with goats.
fast	Run fast!
fed	Sam fed the cat.
feed	Feed the hens.
feel	I feel glad.
feet	Wash your feet.
fell	Sam fell off.
felt	Sam felt glad.
fig	A fig on the tree.
fill	Fill the cup.
film	A film about ducks.
fin	The fin of a fish.
finch	A finch on a branch.
fish	A fish in the pond.
fist	Make a fist.
fit	Sam is fit.
fits	The cap fits.
fix	Dad can fix it.
flag	A red flag.
flash	A flash of light.
flat	A flat rock.
fled	The fox fled.
fleet	A fleet of boats.
flex	Flex your arm.
flip	Flip the card.
float	A leaf can float.
flock	A flock of sheep.
flop	Flop on the bed.
flour	Flour for the bread.
flush	Flush the toilet.
foam	Foam on the soap.
fog	Fog on the hill.
fond	Sam is fond of his cat.
food	Food on a plate.
foot	My foot hurts.
for	A gift for Mum.
fork	A fork and a spoon.
form	Fill in the form.
fort	Build a fort.
found	Sam found his pen.
fox	A fox in the woods.
free	The bird is free.
fresh	Fresh bread.
fried	Fried eggs.
frog	A frog on a log.
frost	Frost on the grass.
fun	What fun!
fuss	Do not fuss.
gag	A funny gag.
gap	Mind the gap.
gaps	Gaps in the fence.
gas	Do not touch the gas.
get	Get your bag.
gets	Sam gets a gift.
gift	A gift for Mum.
gifts	Gifts for Eid.
glad	Sam is glad.
glass	A glass of milk.
glue	Glue the paper.
goal	Kick it in the goal!
goat	A goat on the farm.
goats	Goats on the hill.
good	Good job!
got	Sam got a gift.
grab	Grab the rope.
grain	A grain of rice.
gram	One gram.
grand	A grand tent.
grant	Grant him his wish.
grasp	Grasp the stick.
grass	The snake is in the grass.
green	Green grass.
greet	Greet your guests.
grid	Draw a grid.
grill	Grill the fish.
grim	A grim day.
grin	Sam has a big grin.
grip	Grip the rope.
groom	Groom the horse.
ground	Sit on the ground.
gum	Gum is sticky.
hack	Hack at the weeds.
had	Sam had a nap.
hail	Hail on the roof.
hand	Hold my hand.
hard	A hard rock.
harm	Do no harm.
hat	Dad has a hat.
hats	Hats in the sun.
heel	My heel hurts.
help	Help Mum.
helps	Sam helps Dad.
hen	The hen has an egg.
her	Her cat.
herd	A herd of goats.
hid	Sam hid the gift.
hill	Run up the hill.
him	Sam's cat sits by him.
hint	Give me a hint.
hints	Two hints.
hip	Hands on your hips.
hips	Shake your hips.
hood	Put up your hood.
hook	A coat on a hook.
hooks	Hooks for coats.
hop	Hop on one leg.
horn	The goat has a horn.
hot	The pot is hot.
hug	A hug for Nan.
hull	The hull of a boat.
hung	Sam hung his coat.
hunt	Hunt for the eggs.
hut	A hut in the woods.
if	If it rains, stay in.
ill	Nan is ill.
in	The ant is in the tin.
ink	Ink in a pen.
it	Pick it up, please.
its	The cat licks its paw.
jam	Fig jam.
jar	A jar of jam.
jeep	A jeep on the road.
jet	A jet in the sky.
jets	Jets in the sky.
job	Good job!
join	Join the class.
jump	Jump up!
jumps	The frog jumps.
just	Just a bit.
keen	Sam is keen to help.
keep	Keep it safe.
keeps	Sam keeps the shell.
kept	Pat kept the shell.
kick	Kick the ball!
kicks	Pat kicks the ball.
kid	A kid in the park.
kin	Visit your kin.
king	The king has a crown.
kiss	Mum gives Sam a kiss.
kit	Dad has a tool kit.
kits	Kits for the class.
lack	A lack of water.
lad	A lad in a cap.
laid	The hen laid an egg.
lamp	Turn on the lamp.
lamps	Lamps on the desk.
land	The plane will land.
lap	The cat sits on my lap.
laps	Run two laps.
last	The last one.
led	Dad led us home.
left	Turn left.
leg	Sam's leg.
lend	Lend me a pen.
lent	Sam lent me a pen.
less	Less sugar.
let	Let me help.
lets	Mum lets us play.
lick	The cat licks its paw.
lid	Put the lid on the pot.
lie	Do not lie.
lift	Lift the box.
lifts	Dad lifts the box.
lip	A cut on my lip.
lips	Red lips.
list	A shopping list.
lists	Lists on the desk.
lit	Dad lit the lamp.
load	A load of bricks.
lock	Lock the gate.
locks	Locks on the door.
loft	A loft in the house.
log	A log in the fire.
long	A long tail.
look	Look at the moon.
looks	Sam looks at the sky.
loop	A loop of string.
loss	A loss.
lost	Sam lost his pen.
lot	A lot of sand.
lots	Lots of ducks.
loud	A loud bang.
luck	Good luck!
lump	A lump of clay.
lunch	Lunch at school.
lush	Lush green grass.
mad	The man is mad.
mail	The mail is here.
main	The main road.
man	A man in a cap.
map	Look at the map.
maps	Maps on the wall.
march	March on the spot.
mark	A mark on the page.
mash	Mash the potatoes.
mask	A mask for the play.
masks	Masks on the desk.
mass	A mass of sand.
mast	The mast of a ship.
mat	The cat is on the mat.
mats	Mats in the gym.
meet	Meet me at the park.
meets	Sam meets his pal.
melt	Ice can melt.
men	Ten men in a van.
mess	What a mess!
met	Sam met Pat at the park.
mid	In mid air.
milk	A cup of milk.
mill	A mill by the river.
mint	Mint tea.
miss	I miss Nan.
mist	Mist on the hills.
mix	Mix the eggs.
mock	Do not mock.
moist	A moist cake.
mood	A good mood.
moon	The moon is bright.
moss	Moss on a rock.
moth	A moth by the lamp.
mound	A mound of sand.
mouth	Open your mouth.
much	Thank you very much.
mud	Mud on my boots.
mug	A mug of milk.
mum	Mum hugs Sam.
must	You must rest.
nail	A nail in the wall.
nap	The cat has a nap.
neck	A scarf on his neck.
need	Plants need water.
nest	Eggs in a nest.
net	Dad has a fishing net.
nets	Nets on the boat.
next	Next, please.
nod	Nod if you agree.
noon	Lunch at noon.
not	It is not hot.
nut	A nut on the tree.
nuts	Nuts in a bag.
oak	An oak tree.
off	Turn off the tap.
oil	Oil in the pan.
on	The cat is on the mat.
or	Milk or water?
ouch	Ouch!
our	Our cat.
out	Go out to play.
pack	Pack your bag for the trip.
packs	Sam packs his bag.
pact	The kids made a pact.
pad	A pad and a pen.
pain	A pain in my leg.
paint	Paint a red sun.
paints	Sam paints a fish.
pal	Sam's pal.
pan	Mum has a hot pan.
pants	Pat has red pants.
park	Play in the park.
part	Part of the cake.
pass	Pass the pan to Mum, please.
past	The cat ran past the tent.
pat	Pat the cat gently.
path	A path in the woods.
peek	Peek in the box.
peel	Peel the orange.
pen	A red pen.
pep	Sam has lots of pep.
pest	A rat is a pest.
pet	The cat is our pet.
pets	Cats can be pets.
pick	Pick a red apple.
picks	Mum picks figs.
pie	An apple pie.
pig	A pig on the farm.
pill	Take the pill with water.
pin	Mum has a pin.
pinch	Pinch of salt.
pink	A pink cup.
pit	Do not eat the pit.
pits	Plums have pits.
plain	A plain cake.
plan	A good plan.
plant	Water the plant.
plants	Plants need water.
plot	A plot of land.
plug	Pull the plug.
plum	A red plum.
plus	Two plus two.
pod	Peas in a pod.
point	Point at the moon.
pond	Ducks on the pond.
pool	Swim in the pool.
poor	Help the poor.
pops	The bubble pops.
porch	Sit on the porch.
port	Boats in the port.
pot	A hot pot.
pots	Pots of jam.
prep	Prep for the test.
press	Press the button.
print	Print the page.
prints	Prints in the mud.
prompt	Be prompt.
prop	A prop for the play.
props	Props for the play.
proud	Mum is proud of me.
puff	Puff, puff!
pulp	Orange pulp.
pump	Pump up the tyre.
pun	A funny pun.
pup	A pup on the farm.
queen	The queen has a crown.
quick	Be quick!
quit	Do not quit.
quiz	A quiz at school.
rack	A rack for bags.
rag	Wipe it with a rag.
rail	Hold the rail.
rain	Rain on the grass.
ram	The ram has horns.
ramp	Run up the ramp.
ran	Sam ran to Dad.
rang	The bell rang.
rat	A rat ran past.
rats	Rats in the barn.
red	A red cap.
reed	Reeds by the pond.
reef	A coral reef.
reel	A reel of thread.
rent	Dad pays the rent.
rents	Dad rents a van.
rest	Rest on the bed.
rests	The cat rests.
rich	A rich cake.
rid	Get rid of the mess.
rig	An oil rig.
rim	The rim of the cup.
ring	A gold ring.
rip	Do not rip the page.
risk	Do not take a risk.
risks	Big risks.
road	Stop at the road.
roast	Roast the chicken.
rocks	Rocks on the hill.
rod	A fishing rod.
roof	A cat on the roof.
room	Tidy your room.
root	The root of a tree.
roots	Roots in the soil.
rot	Apples rot.
round	A round ball.
rub	Rub your hands.
rug	A rug on the floor.
run	Run to Mum!
rush	Do not rush.
rust	Rust on the gate.
sack	A sack of sand.
sacks	Sacks of rice.
sad	Sam is sad.
sail	Sail on the sea.
sand	Sand in my socks.
sank	The rock sank.
sap	Sap drips from the tree.
sat	Pat sat on the mat.
scam	That is a scam!
scan	Scan the page.
scarf	A wool scarf.
scoop	A scoop of rice.
scrap	A scrap of paper.
screen	Turn off the screen.
script	Read the script.
scripts	Scripts for the class play.
scrub	Scrub the pan.
see	I can see the sea.
seed	Plant a seed.
seek	Hide and seek.
seem	You seem sad.
seen	Have you seen my cat?
sell	Sell the eggs.
send	Send a card to Nan.
sent	Mum sent a card.
set	Set the table, please.
sets	Two sets of pens.
shall	Shall we go?
shark	A shark in the sea.
sharp	A sharp pin.
shed	Tools in the shed.
sheep	Sheep on the hill.
sheet	A sheet on the bed.
sheets	Fresh sheets.
shelf	Books on the shelf.
shell	A shell on the sand.
ship	A ship on the sea.
ships	Ships at the port.
shook	Sam shook the box.
shop	Go to the shop.
short	A short tail.
shout	Do not shout.
shut	Shut the door.
sick	Sam is sick in bed.
silk	A silk scarf.
sink	Wash it in the sink.
sip	Take a sip of milk.
sit	Sit on the mat.
sits	Pat sits in the sun.
six	Six eggs.
skill	Reading is a skill.
skin	An apple has red skin.
skip	Skip to the tent!
slam	Do not slam the door.
sleep	Sleep well.
sleeps	The baby sleeps.
slept	Sam slept well.
slid	Sam slid down.
slim	A slim stick.
slip	Do not slip.
slot	A slot for coins.
smart	A smart kid.
smell	Smell the rose.
smooth	A smooth stone.
snack	A snack after school.
snacks	Snacks are on the desk.
snail	A snail on a leaf.
snap	Snap the stick in two.
snaps	The stick snaps.
soak	Soak the beans.
soap	Wash with soap.
sock	A red sock.
socks	Sam's socks.
soft	A soft cat.
soil	Seeds in the soil.
soon	See you soon.
sort	Sort the socks.
sound	A loud sound.
sour	A sour lemon.
spam	Delete the spam.
span	The bridge has a long span.
spark	A spark.
specs	Grandad has specs.
speed	Slow down your speed.
spend	Spend time with Mum.
spent	We spent a day at the park.
spill	Do not spill the milk.
spin	Spin the top!
spit	Do not spit!
splash	Splash in the mud!
split	Split the apple.
spoon	A spoon of soup.
sport	Sam likes sport.
sports	Sports day at school.
spot	A red spot.
spots	Spots on the dog.
spring	Flowers in spring.
sprint	Sprint to the end!
spun	The top spun.
stack	A stack of tins.
staff	The school staff.
stain	A stain on my top.
stamp	A stamp on the card.
stamps	Stamps from Spain.
stand	Stand in a line.
star	A star in the sky.
start	Start the race.
steel	A steel pot.
steep	A steep hill.
stem	The stem of a rose.
step	Mind the step!
steps	Go up the steps.
stick	Pat picks up a stick.
sticks	Sticks are on the grass.
stiff	A stiff leg.
still	Sit still.
sting	A bee sting.
stint	Dad did a stint on the farm.
stock	Stock up on rice.
stood	Sam stood up.
stool	Sit on the stool.
stop	Stop at the red light.
stops	The bus stops.
storm	A big storm.
strand	A strand of hair.
strap	The strap of the bag.
street	A long street.
streets	Streets in town.
stress	No stress, just rest.
strict	The rule is strict.
string	A bit of string.
strip	A strip of paper.
strips	Strips of tape.
strong	Dad is strong.
struck	The clock struck ten.
stuck	The cat is stuck.
stuff	Pack your stuff.
stunt	A big stunt.
such	Such a big cake!
sum	Do the sum.
sun	The sun is hot.
sweep	Sweep the floor.
sweet	A sweet plum.
sweets	Sweets after lunch.
swept	Mum swept the floor.
swift	A swift bird.
swim	Swim in the pool.
swing	Play on the swing.
tad	A tad hot.
tag	Play tag in the park.
tail	The cat has a long tail.
tan	Sam has a tan cat.
tank	A fish tank.
tap	Turn off the tap.
taps	Sam taps the desk with a pen.
task	Tidy up is a big task.
tasks	Sam does his tasks.
teeth	Brush your teeth.
tell	Tell me a story.
ten	Sam has ten pens.
tend	Tend the plants.
tent	We sit in the tent.
tents	Tents at the camp.
test	Sam has a spelling test.
tests	Tests at school.
text	Read the text.
than	Bigger than a cat.
thank	Thank Allah.
thanks	Thanks, Mum!
that	That is my cat.
them	Help them.
then	Then we eat.
thick	A thick book.
thin	A thin stick.
thing	What is that thing?
think	Think hard.
this	This is my book.
three	Three cats.
throat	A sore throat.
tick	Tick the box.
tie	Tie your laces.
tied	Sam tied his laces.
till	Wait till ten.
tilt	Tilt your head.
tin	The tin is on the shelf.
tip	The tip of the pen is red.
tips	The tips of the pins are sharp.
toast	Toast and jam.
too	Me too!
took	Sam took a book.
tool	A tool kit.
tooth	A loose tooth.
top	Spin the top.
tops	Tops spin.
torch	A torch in the tent.
torn	A torn page.
toss	Toss the ball.
track	Run on the track.
tracks	Tracks in the sand.
trail	A trail in the woods.
train	Get on the train.
trap	A trap for a rat.
traps	Traps on the farm.
trash	Put the trash in the bin.
tree	A tall tree.
trek	A long trek.
trend	A new trend.
trick	A clever trick.
tricks	Card tricks.
tried	Sam tried his best.
trim	Trim the plant.
trip	A trip to the farm.
trips	Trips in the van.
trout	A trout in the river.
truck	A big truck.
trucks	Trucks on the road.
true	That is true.
trunk	An elephant's trunk.
trust	Trust in Allah.
trusts	Sam trusts his dad.
tub	A tub of water.
tuck	Tuck in your shirt.
tug	Tug the rope.
twin	Sam has a twin.
twist	Twist the cap.
up	Look up!
us	Come with us.
van	Dad has a van.
vast	A vast sea.
vest	A vest.
vet	Take the cat to the vet.
waist	A belt on my waist.
wait	Wait for me.
waits	Sam waits for the bus.
web	A spider web.
weed	Pull the weed.
week	A week at the farm.
weeks	Two weeks.
well	Well done!
went	Sam went to school.
west	The sun sets in the west.
wet	Wet socks.
will	It will rain.
win	Win the race.
wind	The wind is strong.
wing	A bird's wing.
wink	Wink at Mum.
wish	Make a wish.
with	Come with me.
won	Sam won the race.
wood	A log of wood.
wool	A wool hat.
worn	A worn coat.
yard	Play in the yard.
yarn	A ball of yarn.
yell	Do not yell.
yes	Yes, please.
yet	Not yet!
zip	Zip up your coat.
zoo	A trip to the zoo.
zoom	Zoom!
