6-1	Pat sits in a pit.
6-2	"I spin!" Spin, spin, spin!
6-3	An ant is in the pit.
6-4	Pat tips his tin to the ant.
6-5	The ant sits in the tin. Tap, tap!
6-6	Nan sits in the pit. She pats Pat.
6-7	Pat is in the pit. He naps.
9-1	A hen was in a nest.
9-2	Hana sits. Nan sits.
9-3	"We are at the nest!"
9-4	Hana can pet the hen. Pat, pat.
9-5	Peck, peck! The hen pecks the hat.
9-6	"Be in the nest, hen! Do sit!"
9-7	The hen sits. It naps.
9-8	"Nan, pat me!" Nan pats Hana. Hana naps.
12-1	Hamid and Dad pack a tent.
12-2	"Go, go, go!" said Dad.
12-3	Dad and Hamid set the tent in a camp.
12-4	A cat sits in it!
12-5	"No, cat! It is my tent!" said Hamid.
12-6	The cat is sad. Hamid is sad, so he pets it.
12-7	"It can nap in the tent," said Dad.
12-8	Hamid, Dad and the cat nap. All nap in the tent!
15-1	Huda and Mum run to the pond.
15-2	"Come, Huda! Here is the pond."
15-3	There is a duck on it!
15-4	Huda got a hot crust in a sack.
15-5	"You can drop a crust," said Mum. "It is your crust."
15-6	Huda drops it. Peck, peck! The duck gets it.
15-7	Ten ducks come. They peck and peck!
15-8	Huda and Mum grin.
18-1	Adam and Mum get on a big bus.
18-2	Mum sits by Adam.
18-3	"I like the bus!" said Adam.
18-4	The bus stops at a big pond.
18-5	Adam can spot one red hen and some ducks.
18-6	An old dog can dig in the mud on a hill.
18-7	Only one stop, and Adam and Mum get off.
18-8	Adam is glad.
21-1	Jamila and Dad sit in a little boat.
21-2	The boat floats on a big pond.
21-3	"What can live in the pond?" said Jamila.
21-4	"Ducks live in it," said Dad.
21-5	Rain! Drip, drop, drip. Rain drips down.
21-6	Jamila and Dad get damp.
21-7	"I have a coat," said Dad. Dad can give Jamila his coat.
21-8	They get off the boat and run to a big oak.
21-9	Jamila is damp, but Jamila is glad.
24-1	Bilal and Dad see a goat on a hill.
24-2	"Who is it?" said Bilal. "It is a goat," said Dad.
24-3	The goat is big and soft.
24-4	"Do we have any oats?" said Bilal. Dad had some oats.
24-5	Bilal fed the goat.
24-6	Rain! Drip, drop, drip.
24-7	"Where can we go?" said Bilal.
24-8	"Which tree? Why not the big oak tree?" said Dad.
24-9	Bilal, Dad and the goat stand at the big oak tree.
24-10	When the rain stops, Bilal and the goat run on the green grass.
27-1	Hafsa sits on a swing.
27-2	Swing up, swing back!
27-3	Nan helps Hafsa swing up, up, up!
27-4	"More, Nan, more!"
27-5	Many ducks were on the grass. One duck sat on the other swing!
27-6	Hafsa can feel the wind.
27-7	Before Hafsa and Nan go back, they sit on the green grass and drink milk.
27-8	"I am glad because you swing me, Nan!"
30-1	Idris looks up. The moon is big.
30-2	"I want to see the moon!" said Idris.
30-3	A cool wind. Rain drops on the roof.
30-4	"Could I go up on the roof?"
30-5	"You should not. It is wet," said Mum.
30-6	So Idris put on his wool hat and sits on a soft rug in his room.
30-7	He looks and looks at the moon.
30-8	"I saw the moon! I would like to look at it soon, and Dad too!"
33-1	Mum made Malak a lunch box: a bun, a fig and four nuts.
33-2	At lunch, Malak lifts the lid.
33-3	Malak checks the nuts: one, two... four!
33-4	Yuck! A bug is on the bun!
33-5	"Does it sting?" said Malak. "No," said Mum.
33-6	Malak picks it up and sets it on the grass. The bug goes off.
33-7	"Right!" "Bismillah," said Malak, and Malak can munch the bun. Yum!
36-1	Once, Yusuf and Dad went to the docks.
36-2	A big ship is in the port, and lots of fish swim next to it.
36-3	Yusuf and Dad sit on the deck of their little boat.
36-4	Dad got his fishing rod. Yusuf got his net.
36-5	Splash! Yusuf gets a fish in his net!
36-6	That fish is thin and fast. Dad also gets a fish.
36-7	Then Dad and Yusuf had fish and chips for lunch.
36-8	"Alhamdulillah!" said Yusuf.
36-9	"We must always thank Allah," said Dad.
39-1	Ilham found a coin on the ground. It is big and thick.
39-2	"Mother, look! A coin!"
39-3	"It is not our coin," said Mum.
39-4	Ilham and Mum went to the shop.
39-5	Ilham said to the man, "I found this coin."
39-6	"I lost it after lunch!" said the man. He thanks Ilham.
39-7	"Every good deed counts," said Mum. "I love you, Ilham."
42-1	It is dark. Amin is out in the yard with his father.
42-2	A big star is up in the dark.
42-3	"Look, Dad! Is that star far?"
42-4	"It is far, far, far," said Dad.
42-5	A cloud floats past. The star is lost!
42-6	Amin points. "Look! It is back!"
42-7	Amin is so proud.
